{
    "shop_encoded": {
        "An Giang": 86.35926907458858,
        "Bà Rịa - Vũng Tàu": 218.53259243428082,
        "Bình Dương": 117.56474581049731,
        "Bình Thuận": 112.93296288380708,
        "Bắc Giang": 26.864804325142725,
        "Bắc Ninh": 230.1212860130729,
        "Cần Thơ": 80.92441303086738,
        "Gia Lai": 77.83380468237733,
        "Hà Nam": 157.7626703829361,
        "Hà Nội": 314.3981331531529,
        "Hưng Yên": 80.45772363515471,
        "Hải Dương": 1163.4275190006151,
        "Hải Phòng": 28.22651192088341,
        "Kiên Giang": 165.02172828952052,
        "Long An": 97.06943689636572,
        "Lào Cai": 218.53259243428082,
        "Lạng Sơn": 73.16303850029006,
        "Nam Định": 659.7259207527038,
        "Nghệ An": 52.08443724593254,
        "Ninh Bình": 218.53259243428082,
        "Phú Yên": 218.53259243428082,
        "Quảng Ngãi": 59.12217684431405,
        "Quảng Ninh": 117.49997387909576,
        "Quốc Tế": 46.61673737123943,
        "Sơn La": 60.343616002756136,
        "TP. Hồ Chí Minh": 176.92665686612995,
        "Thanh Hóa": 60.466984374378136,
        "Thái Bình": 350.91224873308,
        "Thái Nguyên": 30.99707710768229,
        "Thừa Thiên Huế": 59.531254735860415,
        "Tiền Giang": 218.53259243428082,
        "Tây Ninh": 100.01895466742656,
        "Điện Biên": 58.274906251166136,
        "Đà Nẵng": 164.78773130941883,
        "Đắk Lắk": 46.62853394439293,
        "Đắk Nông": 162.68368425813563,
        "Đồng Nai": 59.64843765412563
    },
    "cat_encoded": {
        "None": 230.81690370986036,
        "blazer": 150.02613144419544,
        "bomber": 336.2975509676651,
        "cardigan": 132.22406987655293,
        "chống nắng": 195.3422359655309,
        "croptop/gile": 60.538103099456485,
        "da": 194.07068894519014,
        "denim": 425.5170052691959,
        "dạ/lông": 103.73065043056314,
        "gió/dù/jacket": 243.52477614523366,
        "jean": 200.52975002587922,
        "kaki": 224.96711300338333,
        "kimono": 133.82436123626624,
        "len": 84.27299225196461,
        "lửng": 86.70687949779595,
        "nỉ/hoodie": 259.9172988209476,
        "sơ mi": 279.1428695998689,
        "thun": 212.86417953728642,
        "thể thao": 151.92777624653627,
        "áo khoác phao/áo phao": 380.96400211051446
    }
}